{
  "project_info": {
    "project_number": "541389336352",
    "firebase_url": "https://bdchefs23-default-rtdb.firebaseio.com",
    "project_id": "bdchefs23",
    "storage_bucket": "bdchefs23.appspot.com"
  },
  "client": [
    {
      "client_info": {
        "mobilesdk_app_id": "1:541389336352:android:26d0d185a98f9a71feb145",
        "android_client_info": {
          "package_name": "com.oziroon.bdchefs"
        }
      },
      "oauth_client": [
        {
          "client_id": "541389336352-t82j1f9g8eli8qov2fclb3fbl91as8qf.apps.googleusercontent.com",
          "client_type": 3
        }
      ],
      "api_key": [
        {
          "current_key": "AIzaSyDD6vwacMirBNwk9HwvMqI5Glj2OOKjk58"
        }
      ],
      "services": {
        "appinvite_service": {
          "other_platform_oauth_client": [
            {
              "client_id": "541389336352-t82j1f9g8eli8qov2fclb3fbl91as8qf.apps.googleusercontent.com",
              "client_type": 3
            }
          ]
        }
      }
    },
    {
      "client_info": {
        "mobilesdk_app_id": "1:541389336352:android:884cbe230f2d374bfeb145",
        "android_client_info": {
          "package_name": "com.oziroon.chefsbdchefs"
        }
      },
      "oauth_client": [
        {
          "client_id": "541389336352-t82j1f9g8eli8qov2fclb3fbl91as8qf.apps.googleusercontent.com",
          "client_type": 3
        }
      ],
      "api_key": [
        {
          "current_key": "AIzaSyDD6vwacMirBNwk9HwvMqI5Glj2OOKjk58"
        }
      ],
      "services": {
        "appinvite_service": {
          "other_platform_oauth_client": [
            {
              "client_id": "541389336352-t82j1f9g8eli8qov2fclb3fbl91as8qf.apps.googleusercontent.com",
              "client_type": 3
            }
          ]
        }
      }
    },
    {
      "client_info": {
        "mobilesdk_app_id": "1:541389336352:android:798a3a2c0261f1c5feb145",
        "android_client_info": {
          "package_name": "com.oziroon.ridersbdchefs"
        }
      },
      "oauth_client": [
        {
          "client_id": "541389336352-t82j1f9g8eli8qov2fclb3fbl91as8qf.apps.googleusercontent.com",
          "client_type": 3
        }
      ],
      "api_key": [
        {
          "current_key": "AIzaSyDD6vwacMirBNwk9HwvMqI5Glj2OOKjk58"
        }
      ],
      "services": {
        "appinvite_service": {
          "other_platform_oauth_client": [
            {
              "client_id": "541389336352-t82j1f9g8eli8qov2fclb3fbl91as8qf.apps.googleusercontent.com",
              "client_type": 3
            }
          ]
        }
      }
    }
  ],
  "configuration_version": "1"
}